{"accuracy": [0.5773195624351501, 0.7371134161949158, 0.6597937941551208, 0.6030927896499634, 0.7216494679450989, 0.8505154848098755, 0.8298969268798828, 0.907216489315033, 0.9020618796348572, 0.9175257682800293, 0.8969072103500366, 0.9175257682800293, 0.9175257682800293, 0.9278350472450256, 0.938144326210022, 0.9226804375648499, 0.938144326210022, 0.938144326210022, 0.9432989954948425, 0.8969072103500366, 0.9226804375648499, 0.9587628841400146, 0.9175257682800293, 0.9536082744598389, 0.9587628841400146], "loss": [0.7003031969070435, 0.6806936860084534, 0.6534920930862427, 0.6203449964523315, 0.556456983089447, 0.46986183524131775, 0.3801538050174713, 0.28335413336753845, 0.22956934571266174, 0.212974414229393, 0.1859908550977707, 0.16403545439243317, 0.1664361208677292, 0.15830875933170319, 0.1303107887506485, 0.1745801568031311, 0.15779635310173035, 0.14936760067939758, 0.12681981921195984, 0.1555299609899521, 0.16111277043819427, 0.1497265100479126, 0.13899731636047363, 0.10255584865808487, 0.10779152810573578], "val_accuracy": [0.6530612111091614, 0.795918345451355, 0.5714285969734192, 0.7755101919174194, 0.8775510191917419, 0.8979591727256775, 0.9795918464660645, 0.9795918464660645, 0.9795918464660645, 0.9795918464660645, 0.9795918464660645, 0.9795918464660645, 0.9795918464660645, 0.9795918464660645, 0.9795918464660645, 1.0, 0.9591836929321289, 0.9795918464660645, 0.9591836929321289, 0.9795918464660645, 0.9795918464660645, 0.9795918464660645, 0.9795918464660645, 1.0, 0.9795918464660645], "val_loss": [0.6828370094299316, 0.6588429808616638, 0.6604612469673157, 0.5948131680488586, 0.508702278137207, 0.3876267671585083, 0.23691610991954803, 0.13965709507465363, 0.1092630922794342, 0.08503596484661102, 0.07121741026639938, 0.06797070056200027, 0.07421087473630905, 0.05570165440440178, 0.05462130159139633, 0.05456274375319481, 0.08238529413938522, 0.060346901416778564, 0.0964423269033432, 0.05150594189763069, 0.05678229033946991, 0.06464215368032455, 0.06597839295864105, 0.053080540150403976, 0.06453695148229599]}